{"cameraMode":{"drawMode":0,"name":"Shaded","section":"Shading Mode"},"sceneLighting":true,"audioPlay":false,"sceneViewState":{"m_AlwaysRefresh":false,"showFog":true,"showSkybox":true,"showFlares":true,"showImageEffects":true,"showParticleSystems":true,"showVisualEffectGraphs":true,"m_FxEnabled":true},"in2DMode":false,"pivot":{"x":242.5718231201172,"y":2.6485092639923097,"z":126.20667266845703},"rotation":{"x":0.09305044263601303,"y":-0.37906792759895327,"z":0.038341160863637927,"w":0.9198874831199646},"size":3.8758413791656496,"orthographic":false}